fips,votes_clinton,votes_trump,total_votes
1001,5908,18110,24661
1003,18409,72780,94090
1005,4848,5431,10390
1007,1874,6733,8748
1009,2150,22808,25384
1011,3530,1139,4701
1013,3716,4891,8685
1015,13197,32803,47376
1017,5763,7803,13778
1019,1524,8809,10503
1021,2909,15068,18255
1023,3109,4102,7268
1025,5712,7109,12936
1027,1234,5230,6572
1029,684,5738,6532
1031,4194,15825,20513
1033,7296,16718,24626
1035,3069,3413,6543
1037,1780,3376,5223
1039,2379,13222,15818
1041,1663,4511,6252
1043,3730,32734,37278
1045,4408,13798,18617
1047,12826,5784,18730
1049,3682,21779,26086
1051,8436,27619,36905
1053,4698,10282,15213
1055,10350,32132,43474
1057,1358,6705,8196
1059,2197,9466,11955
1061,1522,9967,11659
1063,4006,838,4862
1065,4772,3172,8010
1067,2286,5623,8017
1069,10547,30567,42030
1071,3663,16643,20785
1073,151581,130614,290111
1075,1035,5819,6931
1077,9877,27735,38813
1079,3611,10732,14623
1081,20987,34321,57668
1083,9340,28824,39400
1085,4882,1751,6676
1087,7237,1394,8748
1089,62435,89199,159473
1091,5607,5224,10948
1093,1432,11273,12912
1095,4913,29217,34965
1097,68429,91087,163387
1099,4310,5771,10185
1101,58669,33928,94572
1103,11216,37392,49991
1105,3823,1403,5255
1107,3972,5454,9494
1109,5039,7681,13025
1111,2290,7697,10130
1113,9577,9210,19136
1117,22927,72846,99208
1115,5550,31579,37937
1119,4739,1581,6391
1121,12108,20596,33218
1123,5271,12967,18504
1125,31746,47701,81708
1127,4486,24208,29243
1129,2366,6031,8492
1131,4329,1737,6095
1133,871,9225,10255
5001,1939,3825,6167
5003,2408,5338,8027
5005,4163,14655,19572
5007,27894,60751,94262
5009,2925,12225,15912
5011,1317,2163,3617
5013,636,1554,2250
5015,3334,6773,10656
5017,2350,1716,4149
5019,3606,4398,8365
5021,1999,3779,5978
5023,2101,9454,11968
5025,723,2460,3299
5027,3140,5456,8837
5029,2655,4844,7837
5031,10474,22798,34968
5033,4476,16655,22155
5035,8368,6953,15798
5037,1995,4577,6831
5039,1165,1507,2741
5041,2227,1915,4226
5043,2364,3967,6552
5045,14525,29170,46364
5047,1376,5034,6698
5049,1067,3470,4744
5051,12283,26053,40337
5053,1407,5160,6855
5055,3056,10698,14422
5057,2371,4391,6984
5059,3137,8153,11815
5061,1350,3155,4634
5063,2878,9925,13443
5065,1111,4042,5396
5067,1583,3262,5093
5069,15721,9231,25683
5071,2421,6072,8997
5073,1028,1750,2835
5075,1263,4064,5629
5077,1735,1229,3004
5079,1252,2455,3814
5081,1397,3604,5192
5083,1712,5737,7839
5085,5638,19902,26766
5087,1587,4917,6782
5089,1377,5077,6718
5091,4273,11293,16015
5093,5621,6988,12995
5095,1298,1400,2766
5097,735,2573,3445
5099,1156,2001,3233
5101,699,2875,3731
5103,4320,5347,9881
5105,1035,2979,4213
5107,4292,2443,6894
5109,684,3150,3956
5111,1878,3149,5283
5113,1210,6606,8121
5115,4818,15694,21545
5117,812,2503,3404
5119,89377,61182,157728
5121,1425,4508,6313
5125,13247,35852,51971
5127,507,2378,3017
5129,601,2955,3698
5131,12184,28769,43557
5133,1075,3281,4517
5135,1472,5405,7190
5123,4031,3195,7412
5137,1189,4081,5527
5139,5667,10201,16338
5141,1547,5382,7111
5143,32296,40418,78153
5145,5157,21038,27451
5147,1117,1344,2550
5149,1472,4600,6389
4001,12196,5315,18659
4003,15291,25036,43147
4005,25308,16573,44929
4007,6746,13672,21398
4009,3301,8025,11939
4011,1092,1892,3243
4012,1318,3381,4931
4013,549040,590465,1201934
4015,16485,54656,74189
4017,15362,18165,35409
4019,195649,147019,360762
4021,35737,53857,93805
4023,10684,3650,14926
4025,29705,58862,92780
4027,18336,20586,40759
6001,486351,91189,613195
6003,318,211,575
6005,5904,10239,17186
6007,38676,42193,87847
6009,7738,13072,22334
6011,2518,3464,6346
6013,286658,105819,415972
6015,3485,5134,9361
6017,35243,47633,89228
6019,123660,113949,250264
6021,3065,5788,9379
6023,19596,10883,33636
6025,23887,9318,34807
6027,3155,4248,7996
6029,86481,119164,217725
6031,12902,17446,32250
6033,6240,5752,13045
6035,2224,7574,10422
6037,1893770,620285,2652072
6039,13283,19221,34263
6041,69518,14214,88115
6043,3122,5185,8877
6045,6905,3571,11435
6047,21856,18486,42523
6049,798,2413,3359
6051,2696,2080,5154
6053,64733,26378,96676
6055,26161,11946,40393
6057,16199,14686,33258
6059,556544,472669,1092116
6061,61969,78977,150532
6063,3224,5079,8830
6065,300686,279072,609869
6067,273768,163024,467526
6069,8309,5530,14688
6071,304407,249103,585169
6073,567243,386807,1011651
6075,312443,34493,365295
6077,71349,56194,134076
6079,61021,50755,120296
6081,192035,47627,251646
6083,100120,53740,164224
6085,483472,137452,659148
6087,85185,20158,113509
6089,20471,47587,72554
6091,601,1048,1804
6093,7106,11212,19836
6095,94622,48712,152398
6097,116027,37421,164060
6099,73939,72960,156141
6101,11831,16780,30429
6103,6571,14981,22875
6105,1876,2409,4716
6107,27975,38062,69408
6109,8580,13486,23472
6111,170489,118764,307881
6113,34460,13178,50623
6115,7234,12313,21058
8001,86471,73807,175125
8003,3168,3031,6897
8005,148365,109638,281658
8007,2489,4234,7290
8009,278,1716,2107
8011,581,1166,1892
8013,124715,38766,176735
8014,19530,14272,37342
8015,4773,5283,10999
8017,127,905,1076
8019,2585,2426,5532
8021,1753,1885,3970
8023,1109,581,1820
8025,336,1069,1511
8027,797,2059,3064
8029,4048,11584,16661
8031,174611,43637,232291
8033,227,936,1230
8035,67045,100178,182918
8037,12652,8153,22611
8039,3056,11536,15689
8041,105807,176506,313273
8043,5275,15066,21880
8045,11205,13071,26328
8047,1634,1564,3574
8049,3319,4467,8513
8051,5068,3250,9299
8053,197,339,589
8055,1631,1875,3772
8057,171,628,862
8059,151885,130233,309529
8061,91,726,853
8063,526,2894,3613
8065,1600,1264,3175
8067,15300,12471,30722
8069,92170,82624,193897
8071,2614,3656,6693
8073,399,1873,2402
8075,1843,7272,9702
8077,20958,48129,74876
8079,237,344,652
8081,874,5293,6510
8083,3920,7771,12706
8085,5438,14303,21070
8087,3128,8104,11888
8089,1719,2988,5038
8091,1690,1337,3287
8093,3351,6053,10245
8095,436,1791,2332
8097,7239,2522,10387
8099,1173,3508,4978
8101,27945,27746,60112
8103,433,2782,3436
8105,1985,3060,5488
8107,7487,5149,13772
8109,1345,1109,2707
8111,265,215,506
8113,2960,1030,4311
8115,267,1015,1364
8117,9502,5064,16061
8119,3547,9580,14203
8121,289,2284,2708
8123,45869,75882,133790
8125,701,3755,4664
9001,238723,155457,410279
9003,233789,147912,399219
9005,39836,53376,97434
9007,45306,38847,88402
9009,203601,158373,375909
9011,62951,54574,124527
9013,38450,33989,77069
9015,21776,25738,50703
11001,260223,11553,280272
10001,33347,36989,74253
10003,162905,85507,261468
10005,39329,62607,105814
12001,75370,46584,127827
12003,2112,10294,12634
12005,21689,62010,87151
12007,2924,8913,12098
12009,119525,181620,314337
12011,546956,258521,822837
12013,1236,4647,6067
12015,33421,60196,96323
12017,22765,54377,79590
12019,27768,74898,106363
12021,60941,105297,170505
12023,7599,20359,28696
12027,3761,6744,10761
12029,1270,5822,7202
12031,203627,210061,428734
12033,57114,88370,151609
12035,21985,33804,57413
12037,1738,4119,6003
12039,14994,6721,22079
12041,1457,6740,8418
12043,1271,2996,4355
12045,1715,5320,7279
12047,1899,3439,5451
12049,2147,5238,7577
12051,4610,6192,11106
12053,31818,59029,93878
12055,14901,29509,45589
12057,306422,265928,595072
12059,852,7476,8506
12061,28997,48564,79897
12063,6383,14231,20997
12065,3537,3930,7641
12067,515,2795,3375
12069,62597,101888,169898
12071,124725,191141,325797
12073,91936,53777,151925
12075,5091,13758,19367
12077,651,2542,3295
12079,3526,4849,8503
12081,71066,101681,178521
12083,61958,107710,174485
12085,30158,53182,85741
12086,623006,333666,978670
12087,18949,21885,42434
12089,10849,34221,46537
12091,23711,71788,100657
12093,3953,9342,13632
12095,329579,195091,545800
12097,85287,50252,139981
12099,371411,270762,657235
12101,89998,141943,240814
12103,233327,238746,491520
12105,117182,157216,283828
12107,9920,21873,32652
12113,18398,65126,87432
12115,97676,124098,228509
12117,105611,109265,224377
12109,43037,88633,136392
12111,66812,70248,140731
12119,22631,52722,76649
12121,3955,14281,18675
12123,2149,6923,9279
12125,1014,4567,5693
12127,108793,142763,260304
12129,4348,10507,15344
12131,6861,25695,33559
12133,2261,8630,11144
13001,1434,5492,7003
13003,696,1873,2604
13005,607,3356,4010
13007,650,775,1440
13009,7965,7691,16075
13011,684,6130,6946
13013,6580,21105,28828
13015,8204,29879,39263
13017,2098,3734,5923
13019,1041,5408,6563
13021,34383,22589,58327
13023,1094,3717,4934
13025,619,5561,6285
13027,2504,3679,6268
13029,4010,10513,15063
13031,8812,14476,24151
13033,4730,4491,9350
13035,2566,6717,9477
13037,1178,829,2023
13039,5914,12287,18825
13043,1023,2661,3757
13045,12422,29983,43744
13047,4769,20860,26510
13049,1004,2950,4008
13051,58998,43649,106013
13053,593,746,1384
13055,1612,6457,8246
13057,25203,80611,110825
13059,29514,12691,44221
13061,697,566,1271
13063,75908,11740,89236
13065,685,1724,2443
13067,159416,152602,326424
13069,4090,9575,13896
13071,3460,9892,13592
13073,18863,43060,64190
13075,1752,4175,6038
13077,16572,42513,61315
13079,1419,3632,5157
13081,2835,4539,7500
13083,965,5047,6238
13085,1444,9880,11680
13087,4104,6009,10238
13089,239131,47531,295871
13091,1836,5021,6995
13093,1860,1941,3836
13095,23224,10227,33925
13097,30971,24803,57365
13099,2165,2552,4782
13101,156,1006,1175
13103,4851,17865,23395
13105,2507,5269,7912
13107,2433,5330,7838
13109,1130,2404,3602
13111,1920,9622,11764
13113,23255,35034,60387
13115,9127,24045,34250
13117,23427,69801,97314
13119,1243,7054,8474
13121,281875,110372,407173
13123,1955,10465,12713
13125,138,1235,1390
13127,11738,21482,34041
13129,3176,15171,18850
13131,3005,6047,9187
13133,3194,5488,8831
13135,165063,146463,323931
13137,2483,13184,16128
13139,16153,51681,70133
13141,2695,841,3572
13143,1474,9579,11317
13145,4082,11931,16392
13147,2583,7285,10077
13149,743,3370,4206
13151,49902,45641,98037
13153,22460,35351,59559
13155,890,2711,3659
13157,4469,21754,27057
13159,1544,4353,6016
13161,901,4102,5089
13163,3809,3057,6934
13165,1108,1892,3034
13167,1136,2519,3682
13169,3960,8304,12524
13171,2267,5183,7575
13173,805,1984,2861
13175,6737,12401,19448
13177,3166,10641,14106
13179,9531,6125,16082
13181,1271,2759,4100
13183,1356,2623,4109
13185,14614,21308,36813
13187,2216,9613,12324
13193,2705,1540,4287
13195,2423,9195,11945
13197,1213,1921,3183
13189,3699,5432,9268
13191,2298,3482,5893
13199,3800,5216,9181
13201,622,1888,2540
13205,3492,4272,7857
13207,3570,8821,12675
13209,847,2668,3560
13211,2658,6559,9435
13213,1799,10340,12422
13215,39602,26901,68320
13217,21936,20907,43787
13219,5253,12885,19030
13221,1829,4622,6650
13223,18004,44646,64601
13225,5083,5405,10699
13227,1977,11651,13982
13229,903,6301,7297
13231,1239,7273,8675
13233,2863,11006,14158
13235,1104,2436,3598
13237,2745,6516,9431
13239,461,575,1044
13241,1443,6287,7949
13243,1597,1270,2895
13245,48707,24441,74952
13247,23206,13463,37589
13249,401,1472,1909
13251,2300,3305,5699
13253,1186,2343,3577
13255,9347,15636,25940
13257,1835,7682,9760
13259,1220,805,2053
13261,5520,5275,10973
13263,2001,1196,3243
13265,545,349,897
13267,1678,5092,6879
13269,1295,2062,3402
13271,1313,2449,3794
13273,2267,1872,4179
13275,7138,11225,18730
13277,3892,8680,12796
13279,2338,6612,9108
13281,1206,5377,6726
13283,860,1808,2700
13285,9597,15643,25793
13287,1243,2094,3390
13289,1970,2034,4053
13291,1962,9849,12039
13293,3471,7288,10924
13295,4213,18938,23939
13297,8279,31093,40425
13299,3436,8508,12150
13301,1313,991,2332
13303,4187,4138,8422
13305,2039,8147,10376
13307,471,630,1114
13309,646,1421,2102
13311,1672,9751,11771
13313,7925,21514,30362
13315,852,2096,2973
13317,1844,2569,4470
13319,1893,2332,4276
13321,2015,6144,8266
15001,41258,17500,64865
15003,175634,90296,285683
15007,16456,7574,26335
15009,33479,13445,51942
19001,1127,2456,3759
19003,565,1393,2082
19005,2409,4072,6837
19007,1813,4031,6096
19009,1079,2135,3379
19011,4672,8226,13690
19013,32006,27382,63221
19015,5517,7458,13984
19017,5349,7199,13350
19019,3966,5504,10137
19021,2851,4895,8179
19023,2163,4918,7457
19025,1396,3466,5105
19027,3305,6627,10435
19029,1946,4755,7055
19031,3578,5275,9386
19033,9840,11583,22633
19035,1676,4188,6186
19037,2264,3739,6367
19039,1463,2706,4405
19041,2246,5870,8542
19043,3236,5309,9098
19045,10079,11249,22748
19047,1985,4608,6862
19049,15662,19288,37617
19051,976,2721,3858
19053,1201,2296,3703
19055,2956,5688,9165
19057,8178,9479,18713
19059,3051,6743,10247
19061,22774,23384,49037
19063,1356,3121,4707
19065,3666,5591,9813
19067,3177,4371,7985
19069,1490,3153,4915
19071,959,2401,3554
19073,1688,2819,4762
19075,1847,4516,6766
19077,1720,3603,5654
19079,2715,4450,7589
19081,1582,3972,5815
19083,2774,5231,8423
19085,2123,4892,7378
19087,2897,5764,9286
19089,1674,2611,4507
19091,1251,3564,5033
19093,792,2655,3590
19095,3070,5193,8789
19097,3837,5821,10204
19099,7108,10556,18776
19101,3702,3738,8001
19103,49942,20993,75637
19105,3779,5718,10011
19107,1265,3385,4858
19109,2529,5637,8505
19111,6195,8762,15893
19113,58481,48183,114664
19115,1643,3060,4943
19117,1236,2873,4297
19119,917,5188,6336
19121,2666,5336,8523
19123,2606,7404,10494
19125,5469,10940,17554
19127,7623,9125,17700
19129,2080,5050,7608
19131,1879,3180,5360
19133,1244,3115,4525
19135,1053,2635,3844
19137,1312,3431,4998
19139,8284,9549,19086
19141,1314,5735,7348
19143,552,2528,3197
19145,1801,4875,6968
19147,1395,3079,4674
19149,2878,9659,13057
19151,962,2692,3831
19153,119671,93421,228420
19155,15341,24441,42226
19157,4272,4936,9693
19159,753,1820,2684
19161,1269,3692,5158
19163,40302,39083,84878
19165,1649,4340,6270
19167,2289,14761,17989
19169,25085,19111,48910
19171,3194,4968,8636
19173,755,2108,3003
19175,1920,3521,5768
19177,843,2524,3526
19179,5591,8710,14996
19181,10371,14773,26916
19183,3938,6170,10824
19185,719,2069,2921
19187,6293,10049,17239
19189,1920,3437,5717
19191,5238,5332,11217
19193,16102,24627,42933
19195,1523,2443,4216
19197,1890,3790,5949
16001,75676,93748,195587
16003,415,1556,2183
16005,10342,17180,33405
16007,255,2203,2928
16009,780,3101,4192
16011,2924,10907,16625
16013,6416,3340,10723
16015,777,2673,3812
16017,5140,10220,16815
16019,8930,26699,44212
16021,933,3789,5150
16023,160,914,1230
16025,110,410,599
16027,16683,46755,72007
16029,271,2275,3035
16031,1036,5949,8178
16033,44,203,283
16035,704,2852,3801
16037,427,1777,2413
16039,1814,5816,8519
16041,385,3901,5499
16043,651,4091,5714
16045,1229,5980,7952
16047,930,3743,5191
16049,1196,6441,8223
16051,976,8436,11471
16053,2117,7347,10667
16055,16264,44449,66286
16057,8093,7255,18146
16059,733,3011,4068
16061,270,1202,1590
16063,360,1184,1748
16065,1201,8941,15687
16067,1167,4887,6870
16069,4828,10699,17195
16071,184,1531,2068
16073,591,3052,3920
16075,892,4306,5703
16077,699,1666,2758
16079,1384,3297,5120
16081,2157,2161,4966
16083,6844,21063,31893
16085,1913,2906,5349
16087,776,3283,4454
17001,7633,22732,31770
17003,1262,1496,2820
17005,2066,4884,7462
17007,8952,12261,22604
17009,475,1776,2336
17011,6010,9264,16303
17013,739,1719,2556
17015,2437,4428,7354
17017,1617,3216,5054
17019,49694,33235,89196
17021,3982,10522,15310
17023,1873,5620,7819
17025,1014,5009,6278
17027,3939,12394,17268
17029,7285,12985,21580
17031,1528582,440213,2055215
17033,1969,6146,8507
17035,1028,4200,5513
17037,20348,19051,42605
17039,1907,5072,7469
17041,1946,5695,8089
17043,222499,164355,412929
17045,1778,5634,7783
17047,432,2777,3312
17049,3071,13613,17428
17051,1814,7363,9515
17053,1410,4474,6289
17055,4711,13101,18533
17057,6118,8482,15609
17059,656,1942,2691
17061,1202,4139,5542
17063,8021,13417,22891
17065,800,3205,4143
17067,1744,5713,7818
17069,419,1650,2133
17071,1151,2153,3480
17073,8835,13962,24232
17075,2496,9728,12923
17077,11619,10889,24509
17079,924,3973,5104
17081,4408,11681,16818
17083,2673,7737,10909
17085,4452,6113,11177
17087,1135,4644,6017
17089,99389,82087,193500
17091,18908,25081,46556
17093,23392,24152,50815
17095,9939,10658,21964
17097,168186,108608,293574
17099,19277,26269,48447
17101,1288,4517,6039
17103,5499,8597,15215
17105,4005,10197,15096
17107,3301,8167,12130
17115,18211,26782,47283
17117,6532,14194,21881
17119,50336,70295,127902
17121,4231,11677,16600
17123,1784,3776,5903
17125,2008,4051,6433
17127,1555,4844,6633
17109,5278,6789,12910
17111,59827,71117,140145
17113,35918,37081,78995
17129,1808,4230,6423
17131,3061,4800,8417
17133,5522,12614,19074
17135,3490,8616,12829
17137,4693,9060,14607
17139,1476,4453,6209
17141,8025,14344,23798
17143,37436,35299,77465
17145,2433,6816,9706
17147,2633,5623,8899
17149,1412,5749,7458
17151,374,1678,2132
17153,817,1583,2473
17155,1143,1762,3076
17157,3421,9992,14032
17159,1579,5736,7630
17161,32258,26969,62971
17165,2551,8248,11234
17167,40731,49823,96472
17169,1074,2523,3792
17171,528,1965,2583
17173,2279,8209,10912
17163,60180,53479,119201
17175,748,1777,2707
17177,7531,10845,19525
17179,20568,38620,63347
17181,2389,5780,8514
17183,9876,18582,29799
17185,1146,4039,5402
17187,2983,4267,7700
17189,1446,5566,7376
17191,1048,6963,8256
17193,1412,5639,7289
17195,11005,12597,25210
17197,146230,129726,291010
17199,8539,21503,31422
17201,52595,53922,113027
17203,5068,13180,19389
18001,2802,9642,13039
18003,55222,83801,145787
18005,9841,20637,32389
18007,860,2579,3654
18009,1243,3349,4822
18011,10181,19654,32061
18013,2518,5015,7908
18015,1891,6273,8609
18017,3758,9697,14135
18019,18791,30012,51104
18021,2306,8528,11259
18023,2819,8530,11896
18025,1323,3013,4591
18027,1800,8545,10736
18029,4883,18110,23910
18031,2121,8488,11095
18033,3941,12054,16816
18035,18100,24217,44699
18037,5389,13365,19917
18039,20667,41810,65187
18041,2252,6839,9530
18043,13939,21427,37225
18045,1476,5661,7474
18047,1967,8665,10990
18049,1960,6010,8374
18051,3720,11079,15472
18053,7029,17009,25239
18055,2929,10275,13763
18057,57214,87299,153630
18059,8901,25050,36027
18061,4776,12993,18528
18063,22595,48326,75258
18065,5124,13895,20075
18067,11215,23675,36754
18069,3506,11649,15974
18071,3843,12857,17532
18073,3329,9382,13331
18075,1889,5697,7962
18077,4325,8538,13461
18079,2364,8222,11115
18081,17318,45456,66229
18083,3772,11077,15483
18085,6311,23909,31907
18087,2080,7025,9552
18089,116896,75565,200247
18091,19795,22678,44994
18093,4210,14034,19076
18095,18595,32376,53660
18097,212676,130228,361070
18099,4798,12286,18008
18101,881,3695,4807
18103,2766,9975,13440
18105,34183,20527,57623
18107,3362,11051,15101
18109,6037,23671,31180
18111,1403,4074,5791
18113,3904,12198,16890
18115,686,2118,2917
18117,2048,5800,8189
18119,1946,6151,8520
18121,1441,4863,6576
18123,3062,4556,8025
18125,1297,4398,5977
18127,33531,38719,76492
18129,3515,8393,12448
18131,1327,3854,5437
18133,3356,10637,14680
18135,2446,7515,10456
18137,2471,9806,12790
18139,1525,5292,7214
18143,2642,6074,9060
18145,4247,12718,17935
18147,2861,6572,9959
18141,52247,52019,109452
18149,2489,6367,9226
18151,3741,10127,14530
18153,2113,6138,8559
18155,930,2558,3639
18157,27207,30711,61916
18159,1587,5589,7510
18161,715,2445,3286
18163,28296,40422,71957
18165,2081,4511,6913
18167,15922,21924,39569
18169,3018,9819,13415
18171,839,2896,3919
18173,9086,19133,29609
18175,2636,8206,11333
18177,8322,16028,25575
18179,2585,9999,13123
18181,2563,6813,9902
18183,3379,11357,15535
20001,1398,3575,5314
20003,665,2386,3277
20005,1946,3977,6393
20007,281,1822,2209
20009,1823,7766,10088
20011,1306,4314,5918
20013,850,2861,3960
20015,6489,18781,27051
20017,313,964,1342
20019,236,1552,1845
20021,1959,6017,8386
20023,188,1172,1409
20025,118,813,983
20027,665,2831,3727
20029,744,2856,3831
20031,719,2990,3962
20033,102,705,857
20035,3436,8016,12171
20037,5064,8394,14404
20039,178,1220,1460
20041,1582,5905,8008
20043,584,2601,3366
20045,30089,14308,48231
20047,208,1033,1308
20049,160,1048,1259
20051,2669,8311,11660
20053,515,1933,2626
20055,3006,6155,9731
20057,2032,4994,7425
20059,2829,7025,10658
20061,2569,4116,7129
20063,149,1127,1328
20065,185,1013,1265
20067,427,1755,2311
20069,257,1651,2011
20071,83,523,639
20073,484,2146,2811
20075,114,690,847
20077,388,1950,2513
20079,5006,8503,14540
20081,228,1011,1300
20083,124,845,1006
20085,1489,3888,5727
20087,2483,5112,8151
20089,180,1204,1483
20091,126324,133907,279753
20093,224,1048,1325
20095,594,2507,3281
20097,111,855,1023
20099,2234,5232,7919
20101,104,684,831
20103,10064,17387,29676
20105,214,1168,1448
20107,721,3377,4279
20109,149,1124,1348
20111,4456,6354,11745
20115,1177,3928,5465
20117,1060,3250,4578
20113,3183,8407,12443
20119,206,1390,1675
20121,3949,9839,14712
20123,469,2216,2824
20125,2557,8466,11623
20127,586,1790,2568
20129,145,970,1160
20131,714,4066,5025
20133,1464,4340,6151
20135,160,1216,1435
20137,277,1808,2190
20139,1730,4713,6894
20141,231,1437,1753
20143,424,2261,2866
20145,567,1872,2602
20147,296,2200,2611
20149,2191,7451,10359
20151,769,2824,3806
20153,160,1209,1448
20155,6670,15100,23448
20157,370,1993,2484
20159,668,2652,3567
20161,8892,9817,20475
20163,273,1999,2378
20165,227,1177,1474
20167,454,2544,3148
20169,6084,13367,21206
20171,232,1832,2159
20173,66716,101319,180750
20175,1491,3025,4743
20177,33270,35349,73648
20179,126,1186,1362
20181,340,2043,2537
20183,295,1635,2014
20185,303,1485,1884
20187,132,580,742
20189,215,1564,1853
20191,2039,6844,9494
20193,467,2832,3483
20195,193,1211,1459
20197,773,2358,3340
20199,45,711,779
20201,378,2136,2677
20203,139,765,934
20205,550,2747,3482
20207,270,1063,1420
20209,29346,15520,47467
21001,1323,6637,8228
21003,1349,6466,8085
21005,2634,8242,11414
21007,816,3161,4097
21009,4275,13483,18473
21011,1361,3082,4577
21013,1720,7764,9714
21015,15026,39082,57550
21017,2791,5569,8791
21019,6021,13591,20443
21021,4281,8040,12928
21023,705,2711,3522
21025,1537,3991,5728
21027,1960,6484,8765
21029,8255,26210,36036
21031,947,4428,5575
21033,1260,4507,5972
21035,4749,10367,16039
21037,14658,25050,42471
21039,432,2094,2599
21041,1106,2588,3851
21043,2276,7587,10267
21045,767,5482,6438
21047,7188,14108,22069
21049,4706,10710,16193
21051,752,5861,6762
21053,547,3809,4454
21055,617,3290,4036
21057,459,2502,3061
21059,14163,28907,45752
21061,979,4135,5239
21063,740,2000,2847
21065,1108,4236,5538
21067,69776,56890,136112
21069,1348,4722,6250
21071,4015,11993,16521
21073,10717,11819,23840
21075,774,1549,2381
21077,749,2443,3334
21079,1453,5904,7613
21081,1910,7268,9551
21083,3308,12671,16582
21085,1959,8219,10564
21087,832,4372,5331
21089,4146,11546,16265
21091,1244,2788,4292
21093,13944,26970,43113
21095,1372,9129,10744
21097,2031,5435,7774
21099,1730,5320,7261
21101,6707,12159,19692
21103,1828,4944,7142
21105,449,1657,2157
21107,4310,15277,20325
21109,482,4889,5497
21111,190824,143758,352778
21113,6144,15474,23292
21115,1250,8043,9560
21117,24213,42958,71905
21119,1245,4357,5756
21121,1761,9885,12001
21123,1278,4799,6359
21125,3440,20592,24811
21127,1045,4816,6037
21129,444,2151,2663
21131,400,4015,4487
21133,1542,7293,9131
21135,785,4363,5293
21137,1865,7338,9555
21139,887,3570,4642
21141,2755,7778,10896
21143,1045,2789,3959
21151,11793,23431,37318
21153,1172,3824,5113
21155,2679,5122,8108
21157,3672,12322,16678
21159,363,3503,3951
21161,1970,4944,7212
21145,9134,20774,31284
21147,664,5012,5772
21149,988,3381,4565
21163,3026,8660,12223
21165,700,2010,2779
21167,2395,7740,10579
21169,976,3491,4616
21171,601,4278,4991
21173,3158,7856,11437
21175,1006,3628,4766
21177,3272,9393,13046
21179,6434,13430,20761
21181,787,1957,2837
21183,2080,7942,10398
21185,10268,20469,32838
21187,1062,3745,4997
21189,256,1474,1757
21191,1164,4604,6006
21193,2136,8158,10566
21195,4277,19740,24637
21197,1272,3513,4952
21199,4208,22900,28015
21201,222,759,1013
21203,915,5609,6686
21205,3295,5174,8829
21207,1093,6863,8171
21209,7713,15052,24159
21211,6276,13196,20563
21213,2144,5077,7524
21215,1921,7196,9509
21217,2553,8320,11301
21219,1042,3612,4771
21221,1587,4928,6740
21223,879,2771,3786
21225,1331,4701,6209
21227,16966,28673,48416
21229,1420,4013,5621
21231,1431,6370,7988
21233,1240,4397,5804
21235,2067,11312,13765
21237,753,1804,2634
21239,4958,7697,13547
22001,5638,21159,27386
22003,2106,6867,9245
22005,16471,36135,54663
22007,3931,6714,10904
22009,5032,11163,16581
22011,2393,12238,15078
22013,3129,3756,7005
22015,12638,35451,49818
22017,53448,48977,105737
22019,26293,54182,83773
22021,788,3822,4692
22023,323,3256,3692
22025,1322,3479,4856
22027,2717,3585,6421
22029,3272,5474,8869
22031,5163,8067,13497
22033,102711,84620,196332
22035,1838,1059,2939
22037,4235,5569,10042
22039,4208,10357,14879
22041,2506,6514,9162
22043,1181,7406,8819
22045,10698,20903,32454
22047,8324,7320,16043
22049,2139,5169,7464
22051,73540,100292,181388
22053,3080,10775,14277
22055,32726,68191,105599
22057,8423,31958,41644
22059,605,5835,6568
22061,7102,10761,18664
22063,6950,48797,57700
22065,2744,1927,4732
22067,5155,6502,11852
22069,7143,8965,16617
22071,133833,24267,165619
22073,24420,41712,67987
22075,3347,6900,10572
22077,4764,6789,11761
22079,18318,36814,56838
22081,1938,2391,4422
22083,3157,6286,9596
22085,1703,7877,9785
22087,4957,10232,15807
22089,8558,16620,26190
22091,3353,2497,5964
22093,6418,5456,12085
22095,12658,7569,20740
22097,17208,21966,39970
22099,8266,16872,25749
22101,8050,14353,22871
22103,27716,90914,124389
22105,16869,33933,52381
22107,1329,1180,2543
22109,10664,31900,43893
22111,2691,7972,10894
22113,4745,19807,25253
22115,2665,13471,16633
22117,5690,12552,18622
22119,6259,11538,18140
22121,5382,6926,12710
22123,715,3970,4759
22125,2247,3390,5798
22127,1643,4605,6368
25001,71632,53842,132667
25003,43540,16799,64507
25005,127619,104775,246068
25007,8338,2474,11434
25009,220027,135405,376140
25011,24369,10327,37987
25013,110313,78230,200220
25015,54572,22089,82329
25017,508919,216163,767337
25019,4144,1892,6404
25021,219129,119171,357781
25023,133828,114722,264168
25025,241212,50042,303517
25027,197126,157138,380972
24001,6665,20025,27804
24003,116074,114509,242939
24005,189437,131009,335017
24510,178562,22726,208980
24009,16669,24680,43445
24011,3747,8999,13282
24013,24314,55593,84879
24015,12651,27579,42309
24017,46063,24163,72480
24019,5695,7938,14034
24021,51891,56472,114962
24023,2252,10189,12905
24025,43803,74261,124224
24027,93808,44792,146401
24029,4178,4598,9166
24031,309761,82985,408300
24033,313627,29290,351091
24035,7316,16211,24633
24039,3484,5056,8768
24037,15786,26889,45169
24041,7865,10098,18731
24043,19193,38842,60731
24045,16327,20832,38722
24047,8783,15910,25571
23001,22975,28189,55340
23003,13377,19419,34963
23005,102935,57697,171249
23007,7001,7900,16382
23009,16107,13682,31983
23011,29296,31753,65999
23013,12440,9148,23021
23015,10241,9727,21432
23017,12172,16214,31094
23019,32832,41601,80228
23021,3098,5403,9144
23023,10679,9304,21596
23025,9092,14998,25968
23027,10442,10378,22630
23029,6358,9037,16559
23031,55828,50388,113962
26001,1732,4201,6179
26003,1663,2585,4513
26005,17932,33812,55153
26007,4877,9090,14688
26009,4448,8469,13572
26011,2238,4704,7457
26013,1156,2158,3486
26015,9109,19197,30265
26017,21641,28327,52932
26019,4108,5539,10221
26021,29496,38646,71882
26023,4740,11025,16490
26025,24154,31489,58786
26027,7270,14241,23272
26029,5137,8674,14567
26031,4302,8680,13647
26033,5378,9120,15434
26035,4250,8507,13385
26037,16490,21635,40564
26039,2110,4354,6833
26041,6431,11112,18467
26043,3923,8580,13140
26045,24534,27608,55686
26047,6972,10616,18774
26049,102744,84174,196135
26051,3794,8124,12472
26053,2925,4019,7313
26055,20964,27412,51460
26057,5665,9878,16442
26059,4799,14094,19880
26061,6018,8475,15623
26063,4579,10629,15848
26065,81266,44354,133478
26067,8206,16374,26364
26069,4344,8344,13349
26071,2004,3675,5910
26073,11404,12338,25344
26075,25795,39793,69567
26077,67142,51031,125966
26079,2279,6213,8920
26081,138567,147959,306270
26083,527,814,1429
26085,1939,3159,5328
26087,12734,30037,45126
26089,6774,7239,14757
26091,16750,26428,45895
26093,34378,65665,105577
26095,681,1756,2576
26097,2085,3740,6088
26099,176238,224589,418773
26101,4979,6915,12598
26103,16042,14646,32897
26105,5281,8505,14658
26107,5827,10305,17149
26109,3539,6704,10765
26111,15655,23877,42379
26113,1565,5386,7301
26115,26859,43255,74101
26117,7874,16907,26556
26119,1286,3498,5008
26121,36640,35962,77114
26123,6212,15174,22605
26125,342976,289127,663255
26127,3973,7228,11903
26129,3030,6827,10386
26131,1175,2069,3420
26133,2705,7336,10597
26135,1044,2843,4062
26137,3556,8266,12529
26139,46276,90456,145405
26141,2400,4486,7215
26143,4287,8141,13036
26145,44395,45469,94198
26151,4873,13446,19243
26153,1369,2556,4151
26155,12547,19232,34044
26147,24553,49067,77994
26149,7529,14886,23765
26157,7493,17421,26157
26159,13258,17890,33213
26161,128025,50335,187201
26163,517842,228908,775450
26165,4436,10000,15279
27001,3134,5516,9185
27003,75499,93341,184084
27005,5208,10880,17090
27007,8688,10783,21316
27009,5640,12872,19911
27011,921,1607,2729
27013,14428,15667,33256
27015,3763,8708,13663
27017,8460,8160,18059
27019,21508,29057,55102
27021,4949,9982,15885
27023,1978,3764,6182
27025,9279,18441,30009
27027,12974,13549,29108
27029,1100,2925,4225
27031,1912,1156,3360
27033,1678,3679,5697
27035,10982,22287,35568
27037,110251,99624,228659
27039,3102,6527,10564
27041,6227,13966,21623
27043,2153,4659,7355
27045,3872,6271,10976
27047,6041,8808,15929
27049,9446,14041,25538
27051,1104,2063,3453
27053,429283,191768,672644
27055,4145,5616,10515
27057,3432,7269,11423
27059,5656,13635,20875
27061,9015,12920,23650
27063,1492,3609,5453
27065,2327,5230,8125
27067,7266,12785,21648
27069,823,1349,2363
27071,2306,3569,6313
27073,1301,2294,3835
27075,3077,2932,6472
27077,553,1540,2230
27079,4623,9182,14867
27081,860,1930,3002
27083,3825,7256,12129
27087,930,991,2074
27089,1225,3208,4794
27091,2733,7062,10469
27085,4978,12155,18684
27093,3192,8103,12198
27095,3709,8340,12948
27097,3637,12925,17534
27099,7444,8826,17587
27101,1295,2974,4642
27103,7886,8436,17914
27105,2733,5299,8592
27107,1264,1699,3232
27109,36266,35668,79277
27111,9339,20939,32284
27113,2146,4000,6671
27115,4580,8191,13729
27117,1127,3338,4779
27119,4712,8979,14698
27121,2106,3793,6294
27123,176929,70778,269161
27125,540,1141,1871
27127,1887,5137,7566
27129,2117,4890,7563
27131,14437,15429,32217
27133,1373,3091,4807
27135,1856,5451,7767
27139,28502,39948,74390
27141,13299,31049,47938
27143,1954,5193,7727
27137,57769,44631,111260
27145,25575,47618,78985
27147,6239,11198,19040
27149,2116,2800,5350
27151,1679,2962,4968
27153,2783,8485,11944
27155,631,1050,1791
27157,3866,6989,11764
27159,1684,4837,6894
27161,2838,5967,9579
27163,67086,64429,142843
27165,1814,2768,4971
27167,893,2129,3279
27169,11366,12122,25852
27171,20336,43274,69154
27173,1524,3382,5253
29001,3495,6019,10137
29003,2045,6665,9140
29005,541,2059,2723
29007,2567,6981,10043
29009,2710,11427,14604
29011,795,4958,5932
29013,1617,6000,8021
29015,2024,7212,9584
29017,705,4827,5669
29019,41072,36146,83312
29021,12010,21315,35563
29023,3036,13647,17232
29025,837,3231,4309
29027,4988,13052,19127
29029,4706,16721,22182
29031,8468,26939,36875
29033,745,3480,4361
29035,436,2323,2842
29037,14816,33006,50715
29039,1010,5019,6278
29041,888,2948,3962
29043,8505,30941,41394
29045,724,2458,3316
29047,45182,57328,109237
29049,2572,7058,10197
29051,10907,24610,37261
29053,1932,5623,7976
29055,1824,7724,9920
29057,637,3184,3951
29059,1271,5895,7440
29061,730,2763,3689
29063,824,3540,4590
29065,978,5599,6778
29067,984,5486,6664
29069,2360,8026,10574
29071,12339,35420,50045
29073,1519,5670,7444
29075,605,2304,3033
29077,42400,77387,127609
29079,780,3462,4413
29081,574,2965,3682
29083,2356,7072,9855
29085,1016,3539,4717
29087,346,1926,2348
29089,1279,3277,4851
29091,2880,13888,17415
29093,933,3173,4260
29095,163723,114777,294063
29097,10565,35058,48179
29099,31546,68973,105969
29101,5924,13702,21087
29103,379,1413,1867
29105,2543,12834,15959
29107,4047,10977,15815
29109,2898,13084,16674
29111,933,3343,4452
29113,5561,18111,24857
29115,1239,4084,5572
29117,1265,4879,6408
29121,1518,5794,7579
29123,1005,4102,5318
29125,794,3559,4498
29127,2993,9418,12902
29119,1329,6599,8233
29129,216,1486,1739
29131,1750,9285,11414
29133,1458,3600,5165
29135,1237,5344,6808
29137,853,3159,4147
29139,1118,4124,5424
29141,1768,6757,8815
29143,1933,5270,7352
29145,4988,20546,26506
29147,2529,6379,9439
29149,865,3668,4664
29151,998,5845,7078
29153,724,3639,4501
29155,1946,3964,6025
29157,1520,6907,8732
29159,4322,12792,18045
29161,4761,12699,18499
29163,1806,5274,7375
29165,18915,24975,46641
29167,2630,10435,13709
29169,2918,9870,13443
29171,352,1936,2342
29173,1138,3969,5266
29175,2283,7529,10309
29177,3088,7103,10835
29179,540,2402,3032
29181,830,4520,5518
29195,2787,5977,9245
29197,354,1505,1933
29199,365,1525,1968
29201,3574,13168,17244
29203,776,2966,3904
29205,606,2524,3252
29183,68225,120899,199513
29185,936,3501,4630
29187,6250,17467,24714
29189,280866,199081,503493
29510,101487,20281,127403
29186,2540,5495,8459
29207,1873,11077,13278
29209,2886,13149,16538
29211,526,1884,2484
29213,4367,18240,23399
29215,1728,8875,10935
29217,1706,6526,8576
29219,3915,11109,15766
29221,1926,7047,9279
29223,946,4640,5738
29225,3173,12829,16690
29227,195,808,1046
29229,1166,6703,8086
28001,6921,5125,12214
28003,2684,11817,14781
28005,2688,4282,7033
28007,2847,4288,7242
28009,1713,2240,3996
28011,8410,4251,12831
28013,1884,4360,6339
28015,1648,3774,5470
28017,3649,4127,7890
28019,1198,2763,4020
28021,2523,414,2954
28023,2556,5088,7713
28025,5695,4136,9960
28027,6378,2426,8912
28029,6203,5576,11906
28031,3267,5423,8790
28033,19892,42155,64022
28035,11271,15149,27284
28037,1471,2685,4219
28039,1013,8652,9831
28041,956,4309,5325
28043,4386,5940,10442
28045,3320,13720,17517
28047,20679,39710,62076
28049,64922,24919,91536
28051,5820,1151,7045
28053,2652,924,3599
28055,395,298,699
28057,1100,8385,9634
28059,13087,31204,45465
28061,4367,4032,8468
28063,3337,489,3859
28065,3720,2466,6237
28067,7748,20076,28250
28069,2827,1778,4639
28071,7968,10872,19642
28073,5044,18493,24179
28075,10910,17574,28967
28077,2181,4072,6329
28079,3579,4775,8436
28081,9635,21695,31974
28083,6677,2757,9566
28085,4458,10550,15193
28087,11545,13124,25139
28089,18358,25607,45048
28091,3572,7697,11443
28093,7944,6525,14698
28095,5485,10107,15781
28097,1775,2334,4162
28099,2668,7613,10438
28101,2549,5929,8594
28103,4330,1181,5538
28105,7851,7671,16151
28107,7300,7371,14854
28109,2919,15530,18893
28111,1220,4135,5432
28113,7636,7748,15633
28115,2123,9442,11811
28117,2067,7647,9871
28119,2303,998,3353
28121,13741,46168,61356
28123,3999,5742,9867
28125,1290,619,1926
28127,3871,7393,11416
28129,1598,5877,7556
28131,1400,4810,6368
28133,6560,2768,9406
28135,3337,2462,5870
28137,3804,7385,11389
28139,1808,7182,9143
28141,990,7117,8310
28143,2577,840,3463
28145,1969,9161,11374
28147,2475,3374,5909
28149,8518,9420,18287
28151,9847,4541,14571
28153,3493,5957,9534
28155,1001,3949,5024
28157,2826,1305,4174
28159,3778,4874,8771
28161,2574,3366,6058
28163,5221,4568,9892
30001,1115,3243,4676
30003,2061,1833,4148
30005,1187,1259,2621
30007,566,2329,3097
30009,1824,3729,5923
30011,70,677,777
30013,12053,19343,33791
30015,729,1676,2571
30017,1172,3638,5145
30019,167,729,952
30021,786,3298,4297
30023,2018,1736,4099
30025,154,1276,1474
30027,1196,4235,5782
30029,13233,30079,46144
30031,23879,23360,52169
30033,34,653,715
30035,3076,1598,4969
30037,71,365,468
30039,469,1185,1762
30041,2350,3446,6347
30043,1975,4099,6535
30045,232,867,1189
30047,4703,7453,12898
30049,14331,16665,33697
30051,205,695,949
30053,2040,6720,9250
30057,1175,3280,4708
30055,154,858,1056
30059,191,728,970
30061,515,1322,1974
30063,30740,21699,57271
30065,331,1961,2404
30067,3521,4872,9056
30069,30,276,319
30071,315,1715,2147
30073,737,1786,2692
30075,127,880,1047
30077,549,2017,2768
30079,100,555,686
30081,6166,14673,22063
30083,669,3885,4812
30085,1504,1722,3486
30087,969,2211,3357
30089,1211,4268,5871
30091,476,1237,1825
30093,8545,6252,16122
30095,904,3630,4816
30097,398,1580,2077
30099,803,2152,3143
30101,399,1495,2018
30103,59,350,441
30105,886,2697,3860
30107,179,698,932
30109,55,460,533
30111,21117,38675,64675
37001,29268,38235,69264
37003,3750,13826,18011
37005,1300,3789,5214
37007,5785,4480,10394
37009,3476,9353,13160
37011,1670,6226,8060
37013,8699,14478,23599
37015,5837,3476,9380
37017,7021,8511,15743
37019,23117,42440,67255
37021,74937,55339,134507
37023,10930,25741,37638
37025,35048,53224,91002
37027,8403,26499,35747
37029,1266,3527,4939
37031,9806,26228,36919
37033,4549,5758,10515
37035,21050,48062,71065
37037,20953,17012,39080
37039,2809,10711,13860
37041,2965,3983,7108
37043,1352,4395,5885
37045,14896,28394,44137
37047,8991,14177,23472
37049,17481,27556,46231
37051,70523,50593,124402
37053,2879,9070,12423
37055,7079,11283,19009
37057,17328,52870,72013
37059,5228,15502,21350
37061,8196,12151,20601
37063,118783,27879,150543
37065,16152,8219,24653
37067,92488,74793,172509
37069,12811,16320,29902
37071,30982,61467,94872
37073,2371,2851,5328
37075,761,3260,4094
37077,12827,13500,26920
37079,3570,4358,8013
37081,147949,97461,252087
37083,15642,8954,24881
37085,16452,27278,44955
37087,10414,18844,30156
37089,19664,35535,56810
37091,6886,3081,10100
37093,9608,7676,17847
37095,956,1275,2273
37097,24441,54164,80727
37099,7564,9706,18004
37101,28153,54082,84553
37103,2041,2941,5039
37105,10380,13625,24676
37107,11752,13354,25500
37109,9836,28653,39449
37113,4841,12035,17336
37115,3899,6735,10966
37117,5814,5874,11852
37111,4645,14517,19557
37119,292258,154303,461834
37121,1585,6225,7948
37123,4108,7070,11449
37125,16148,30273,47746
37127,23024,23142,46903
37129,50219,54665,108737
37131,6113,3556,9761
37133,17156,36342,55364
37135,59105,18373,79830
37137,2427,4225,6772
37139,8455,8082,16964
37141,9086,17317,27072
37143,2291,4143,6595
37145,7772,11116,19303
37147,40967,35191,78264
37149,3715,6738,10723
37151,13074,49156,63615
37153,8290,10199,18813
37155,18377,20294,39454
37157,14057,26463,41374
37159,19208,42388,63078
37161,7451,21694,29764
37163,10486,14761,25638
37165,7279,6212,13743
37167,7008,21788,29451
37169,4645,16976,22182
37171,7438,23495,31663
37173,2186,3557,5982
37175,6520,10441,17440
37177,705,968,1700
37179,34051,66265,103596
37181,12168,7304,19762
37183,298353,193607,510940
37185,6668,3302,10123
37187,3490,2560,6115
37189,13953,13521,28769
37191,21520,27360,49824
37193,6596,23613,30844
37195,19527,17410,37593
37197,3140,13815,17350
37199,3181,6367,9808
38001,216,904,1206
38003,1597,3156,5253
38005,842,927,1940
38007,58,492,592
38009,734,2482,3437
38011,227,1445,1769
38013,118,879,1031
38015,10865,32499,46874
38017,31291,39738,78807
38019,476,1356,1969
38021,551,1656,2372
38023,243,860,1187
38025,356,1753,2199
38027,354,790,1219
38029,215,1672,1959
38031,346,1237,1699
38033,99,793,942
38035,10828,16325,29711
38037,187,1098,1361
38039,298,847,1247
38041,168,1032,1261
38043,179,1106,1358
38045,500,1475,2115
38047,112,867,1030
38049,474,1991,2687
38051,233,1095,1423
38053,696,3661,4594
38055,1070,3827,5206
38057,616,3715,4564
38059,3077,11319,15547
38061,1211,2551,4009
38063,536,1025,1694
38065,119,827,1002
38067,681,2204,3093
38069,431,1433,2020
38071,1505,3216,5218
38073,836,1209,2317
38075,200,978,1255
38077,2064,4759,7460
38079,2097,1210,3662
38081,693,1088,1978
38083,94,644,774
38085,758,256,1177
38087,42,361,427
38089,1745,9718,12115
38091,361,537,984
38093,2484,6706,9938
38095,305,733,1137
38097,1239,2263,3864
38099,1166,2991,4543
38101,5792,18601,26861
38103,419,1793,2352
38105,1722,10033,12529
31001,3272,9205,13172
31003,381,2717,3220
31005,16,237,263
31007,18,355,390
31009,30,273,313
31011,414,2299,2867
31013,953,3550,4761
31015,128,978,1142
31017,153,1380,1579
31019,4690,14424,20477
31021,928,2360,3523
31023,690,3068,3914
31025,3461,8388,12609
31027,572,3533,4360
31029,171,1621,1851
31031,317,2623,3082
31033,702,3610,4569
31035,470,2373,2973
31037,857,2171,3172
31039,712,3095,3988
31041,635,4616,5489
31043,2904,4028,7259
31045,785,2559,3578
31047,2116,5935,8486
31049,120,809,977
31051,556,2041,2744
31053,4451,9736,14959
31055,105207,102151,219531
31057,89,823,949
31059,610,2100,2879
31061,250,1345,1656
31063,161,1106,1310
31065,304,1915,2315
31067,2930,6333,9854
31069,153,869,1063
31071,121,819,968
31073,165,792,1000
31075,20,367,394
31077,210,911,1165
31079,6142,14139,21331
31081,873,3763,4902
31083,219,1302,1582
31085,30,471,510
31087,158,1216,1440
31089,522,4275,4979
31091,40,355,414
31093,544,2284,2958
31095,831,2387,3430
31097,560,1348,2051
31099,550,2519,3242
31101,560,3203,3945
31103,39,458,514
31105,227,1317,1636
31107,715,3181,4061
31109,60533,60456,129803
31111,2878,11992,15674
31113,32,400,451
31115,48,323,382
31119,2663,10518,13956
31117,14,257,286
31121,601,2914,3707
31123,282,1788,2166
31125,280,1257,1599
31127,765,2068,3035
31129,348,1709,2153
31131,2017,4833,7279
31133,279,970,1314
31135,160,1202,1418
31137,571,3832,4609
31139,382,3052,3580
31141,2612,10864,14047
31143,411,2019,2538
31145,638,4212,5061
31147,798,2684,3666
31149,70,687,793
31151,1630,2849,4795
31153,27704,44649,77781
31155,2509,7486,10598
31157,3151,9952,13895
31159,1881,5451,7754
31161,286,2192,2565
31163,338,1143,1553
31165,77,602,709
31167,417,2173,2748
31169,490,1993,2613
31171,30,344,387
31173,911,1013,2029
31175,337,1770,2172
31177,2606,7374,10584
31179,828,2675,3740
31181,306,1320,1687
31183,62,377,459
31185,1181,4686,6256
33001,13517,19315,34462
33003,12987,14635,29063
33005,22064,16876,41080
33007,6558,7951,15255
33009,28510,19010,50065
33011,99589,100013,210622
33013,40198,37674,81982
33015,79994,90447,179005
33017,34894,29072,67918
33019,10210,10796,22101
34001,54472,47882,105738
34003,209251,163220,383965
34005,108361,79539,194988
34007,142375,71020,220437
34009,18626,28237,48375
34011,27045,24213,53018
34013,231031,62059,299808
34015,66355,66949,138388
34017,149980,45615,201425
34019,28797,38565,70582
34021,93721,42604,141332
34023,164887,108981,282668
34025,135825,165305,311474
34027,114437,125376,248848
34029,81845,170103,259592
34031,112608,71488,189099
34033,11766,16256,29220
34035,83839,64640,154249
34037,24132,46486,73860
34039,145412,67582,219385
34041,16991,29393,48442
35001,141960,93874,269861
35003,426,1453,2024
35005,5530,12869,20159
35006,3721,3179,7975
35007,2118,2569,5271
35009,2776,7560,11292
35011,192,617,903
35013,37543,25095,69324
35015,5008,13124,19523
35017,6226,5251,12633
35019,962,591,1809
35021,156,311,527
35023,780,906,1836
35025,3877,12306,17369
35027,2329,5889,8856
35028,5443,3329,10430
35029,3195,3478,7245
35031,13162,4893,20791
35033,1533,662,2429
35035,6033,11756,19636
35037,1016,2208,3550
35039,9534,3583,14767
35041,1445,3865,5855
35043,27405,25748,60597
35045,12826,27879,45476
35047,7249,2302,10662
35049,49956,14198,70082
35051,1600,2998,5129
35053,3275,2592,6756
35055,10550,2706,15072
35057,1770,3695,6250
35059,318,1214,1688
35061,10810,13175,27350
32510,9610,13125,25016
32001,2210,7828,10936
32003,401068,319571,765421
32005,8453,17406,27871
32007,3400,13542,18545
32009,65,329,423
32011,74,723,854
32013,1386,4521,6433
32015,403,1828,2413
32017,285,1671,2132
32019,6146,16005,23762
32021,637,1179,1997
32023,5095,13320,19592
32027,430,1403,1982
32029,752,1616,2558
32031,97032,94529,209282
32033,707,2723,3773
36001,74775,44227,125644
36003,4473,11712,17111
36005,318403,34424,358857
36007,35212,38077,77657
36009,8717,18668,28961
36011,12202,16194,30124
36013,17281,29418,49381
36015,12394,19025,33195
36017,5943,11024,18113
36019,13446,13181,28378
36021,13123,12756,27255
36023,7976,9207,18424
36025,5825,11012,17778
36027,56874,58163,120199
36029,192065,173817,383248
36031,6760,7275,15079
36033,6517,7636,15148
36035,5805,12759,19563
36037,6946,15986,24463
36039,6370,11546,18869
36041,752,1795,2688
36043,7289,15664,24261
36045,12289,19947,34263
36047,595086,133653,746295
36049,2828,6916,10312
36051,10478,19211,31363
36053,10548,14901,27392
36055,174063,128871,320164
36057,5961,10579,17438
36059,307326,275479,599649
36061,515481,58935,591368
36063,32888,49223,86000
36065,30749,48490,83876
36067,102915,78277,191962
36069,20233,24343,47664
36071,63037,72129,140753
36073,4327,11582,16722
36075,15614,25870,44122
36077,9285,12284,23024
36079,17363,25241,44186
36081,473389,138550,627021
36083,30039,31933,65991
36085,67561,95612,167209
36087,63454,57148,123943
36091,46546,51088,104089
36093,30870,27268,61629
36095,3777,8173,12673
36097,2761,5179,8423
36099,5175,6719,12727
36089,14659,18450,35154
36101,11215,25091,38373
36103,276953,328403,625720
36105,10983,14626,26509
36107,6852,12528,20556
36109,25555,9647,37747
36111,40010,32962,77134
36113,11366,14284,27568
36115,8238,12770,22401
36117,12378,21935,36598
36119,245670,121643,378506
36121,3585,11884,16280
36123,3219,5180,8975
39001,2293,8445,11063
39003,12815,29858,44636
39005,5659,17169,24074
39007,15191,22755,39809
39009,15552,10816,27941
39011,3825,18130,22860
39013,8652,20729,30537
39015,4270,14257,19139
39017,56700,104441,168422
39019,3124,9067,12807
39021,4488,12314,17597
39023,22666,34311,59620
39025,26096,65960,96455
39027,3943,13466,18100
39029,12273,31086,45261
39031,3908,10381,14961
39033,4518,13265,18702
39035,383974,179894,583230
39037,4395,19698,25000
39039,5282,11478,17795
39041,39584,55660,100101
39043,15692,19301,36730
39045,24150,43163,70542
39047,2672,7763,10817
39049,335961,192328,554711
39051,5981,13419,20693
39053,2564,9567,12588
39055,17165,29577,48736
39057,28023,47506,79633
39059,4286,11164,16156
39061,207587,169972,395000
39063,9419,23777,35216
39065,2870,8541,12014
39067,1663,5021,6956
39069,3690,9136,13671
39071,3436,13005,17048
39073,3713,8282,12513
39075,1766,8578,10823
39077,7080,15930,24332
39079,3142,9618,13239
39081,9483,20668,31346
39083,7959,18563,27768
39085,45056,62627,112790
39087,6849,18240,25949
39089,26360,49346,79399
39091,4537,15586,21007
39093,64958,65346,136654
39095,107363,74102,191684
39097,4662,11319,16754
39099,56188,52808,112827
39101,7748,16563,25648
39103,31582,53811,89360
39105,2157,6869,9410
39107,3335,17200,21315
39109,12832,36311,51467
39111,1647,4781,6686
39113,117661,120766,249560
39115,1711,4315,6290
39117,3711,11722,16186
39119,10926,23588,36217
39121,1201,4441,5875
39123,8136,12389,21742
39125,2068,6359,8842
39127,4072,9978,14647
39129,6325,16482,23814
39131,3443,7669,11513
39133,31463,38978,73968
39135,4323,15376,20475
39137,2874,14704,18387
39139,15629,35805,53739
39141,9905,17833,28955
39143,9733,16045,27491
39145,8841,19742,29618
39147,7237,14559,23481
39149,4143,18148,23110
39151,66581,96345,170868
39153,129922,109531,249937
39155,42130,48152,94073
39157,11895,26105,40088
39159,7530,17601,26533
39161,2667,10328,13584
39163,1332,3799,5393
39165,33036,75947,114254
39167,7841,19901,28992
39169,14670,31622,48550
39171,4287,11706,16938
39173,26440,31734,62287
39175,2484,7346,10396
40001,1374,4753,6468
40003,216,1931,2256
40005,795,4068,5002
40007,176,1987,2237
40009,958,6287,7529
40011,711,2884,3793
40013,2793,10449,13775
40015,2418,6473,9336
40017,11666,39969,55250
40019,4002,13751,18533
40021,5455,9992,16487
40023,1064,4202,5419
40025,70,962,1077
40027,38790,62469,109326
40029,411,1892,2393
40031,11439,19153,32504
40033,424,2054,2602
40035,1249,4279,5778
40037,5834,21539,28786
40039,2102,7818,10531
40041,3306,11796,15680
40043,222,1964,2246
40045,155,1610,1826
40047,4391,15998,21692
40049,1852,8243,10531
40051,3878,17293,22257
40053,287,1827,2200
40055,323,1482,1896
40057,224,714,975
40059,131,1307,1485
40061,882,3697,4734
40063,961,3387,4525
40065,1473,5969,7806
40067,365,1905,2345
40069,782,3081,4001
40071,3734,12168,16795
40073,783,5151,6123
40075,766,2593,3489
40077,797,3094,4050
40079,3245,13346,17199
40081,2423,10838,14001
40083,4239,13613,18948
40085,735,2920,3787
40093,310,2940,3399
40095,1095,4202,5487
40097,3423,11550,15712
40087,2893,13151,16839
40089,1799,8642,10709
40091,2122,5501,7958
40099,1086,4173,5525
40101,7969,15029,24193
40103,901,3707,4870
40105,742,3321,4237
40107,943,2791,3933
40109,112661,141429,273609
40111,4379,8926,13924
40113,5593,12559,18942
40115,2584,7627,10686
40117,1341,4716,6346
40119,8785,16644,27749
40121,3704,12740,17250
40123,3633,10420,14814
40125,6005,17826,25417
40127,748,3581,4483
40129,151,1546,1758
40131,7895,30893,40834
40133,2067,5612,8032
40135,3061,10888,14437
40137,3084,14166,17886
40139,855,4615,5771
40141,657,1944,2706
40143,87663,143985,246557
40145,6711,22967,31246
40147,5047,15810,22208
40149,588,3851,4628
40151,521,2945,3665
40153,871,6329,7573
41001,1781,6160,8479
41003,28431,13030,45577
41005,90187,79062,182136
41007,8899,7794,18158
41009,9959,12967,25077
41011,10355,17699,30181
41013,2591,8388,11638
41015,4253,7157,12163
41017,40222,43667,90584
41019,13891,34112,51350
41021,221,632,937
41023,732,3187,4171
41025,682,2904,3850
41027,6359,3223,10383
41029,43550,53083,103789
41031,2892,5337,8874
41033,13223,26582,42613
41035,7080,20170,29240
41037,628,3001,3814
41039,100497,66218,181072
41041,12300,9901,24035
41043,17456,32683,54724
41045,2213,7141,9950
41047,48803,54336,110804
41049,1004,2698,3989
41051,271754,63055,357762
41053,15741,18333,37030
41055,202,726,983
41057,5701,6486,13261
41059,7466,16775,26116
41061,3221,8378,12465
41063,1097,2825,4177
41065,4634,5721,11251
41067,137818,75903,232034
41069,153,583,792
41071,18635,22589,45116
42001,14077,31249,47138
42003,363017,257488,643173
42005,6849,22676,30446
42007,30225,46081,79036
42009,3613,19455,23504
42011,75169,93094,175934
42013,13093,37224,52029
42015,6263,17957,25399
42017,165861,163873,342572
42019,26834,61388,92027
42021,17798,40510,60167
42023,469,1495,2024
42025,8917,18714,28721
42027,36555,35099,75394
42029,140188,115582,266637
42031,4256,12545,17481
42033,7700,23909,32692
42035,4533,9701,14839
42037,8502,17387,27127
42039,10215,23912,35563
42041,44282,65649,115068
42043,64287,60620,130160
42045,169169,106559,284832
42047,3637,9704,13854
42049,54820,57168,117240
42051,17826,34388,53426
42053,626,1680,2398
42055,17322,49554,69345
42057,904,5676,6743
42059,4157,10394,14955
42061,4487,14369,19496
42063,11468,24920,37728
42065,3437,14533,18551
42067,1810,8234,10402
42069,51593,48102,102740
42071,90066,137145,239151
42073,13933,25323,40555
42075,17860,38804,58906
42077,77087,70285,153031
42079,51454,77508,132731
42081,12926,35475,50294
42083,3802,11159,15572
42085,17631,30034,49594
42087,3563,14050,18239
42089,31930,31706,65944
42091,251063,160803,427489
42093,2851,5274,8535
42095,65936,71384,142775
42097,9184,24418,34971
42099,4630,15613,21153
42101,560542,105418,680227
42103,9247,16035,26066
42105,1300,6247,7777
42107,16724,43937,62750
42109,3991,11710,16333
42111,7367,27347,35730
42113,756,2318,3168
42115,5065,13295,19200
42117,3642,12928,17334
42119,6138,10605,17400
42121,5889,15254,22096
42123,4828,12032,17624
42125,34436,58941,96945
42127,6398,15269,22365
42129,59506,116427,181740
42131,3573,8375,12418
42133,67428,126933,203153
44001,14532,8910,24691
44003,37582,38141,79691
44005,22680,14975,39761
44007,141597,90321,241818
44009,33511,27074,64160
45001,3712,6742,10724
45003,25426,45981,74773
45005,2722,788,3578
45007,21040,56109,80296
45009,3886,2197,6195
45011,4395,4888,9479
45013,29577,39986,72770
45015,30492,44223,78919
45017,3569,3785,7553
45019,89048,75233,175850
45021,6089,15165,21754
45023,6582,7272,14202
45025,7125,9576,17128
45027,7635,7246,15156
45029,7616,9083,17231
45031,13866,14973,29636
45033,5832,5637,11696
45035,24010,34932,62463
45037,4491,6842,11644
45039,6936,4024,11252
45041,26630,29498,57770
45043,13234,17334,31519
45045,73338,125595,211572
45047,10633,16881,28600
45049,5163,3483,8794
45051,36731,83819,124503
45053,7789,6100,14216
45055,10293,17464,28875
45057,13718,23598,38717
45059,8845,16770,26474
45061,5170,2789,8110
45063,35143,79866,121829
45067,8522,5434,14217
45069,5928,4257,10353
45065,2479,2651,5215
45071,6212,10011,16795
45073,7979,24096,33530
45075,26258,11909,38824
45077,10327,36096,48871
45079,108401,52753,169400
45081,2809,5525,8559
45083,39888,76101,120793
45085,24024,18733,44048
45087,4727,7058,12087
45089,9949,4863,15049
45091,41230,66245,113425
46003,340,974,1407
46005,1912,4455,6772
46007,412,666,1149
46009,704,2105,2974
46011,4879,6748,12680
46013,5452,9613,16113
46015,571,1565,2288
46017,296,171,490
46019,693,3355,4346
46021,105,704,831
46023,935,2382,3433
46025,398,1139,1657
46027,2608,2109,5069
46029,3174,7764,11669
46031,535,588,1175
46033,1120,3290,4716
46035,2355,5157,7952
46037,974,1627,2747
46039,570,1366,2080
46041,887,723,1707
46043,214,1338,1605
46045,380,1433,1918
46047,821,2511,3563
46049,204,858,1118
46051,970,2381,3562
46053,391,1600,2091
46055,77,936,1044
46057,555,2051,2762
46059,334,1391,1818
46061,424,1497,2006
46063,38,694,769
46065,2449,5174,8173
46067,692,2517,3365
46069,125,543,690
46071,323,722,1095
46073,264,648,967
46075,69,450,558
46077,703,1680,2551
46079,2314,4038,6786
46081,3356,7411,11842
46083,8076,15499,25231
46085,369,977,1421
46091,754,1056,1947
46087,623,1794,2587
46089,192,892,1137
46093,2223,8441,11621
46095,238,402,683
46097,281,706,1064
46099,30610,42043,78263
46101,1042,1729,2930
46113,2504,241,2896
46103,14074,29804,47741
46105,188,1333,1606
46107,215,1069,1335
46109,1539,2142,3886
46111,241,819,1123
46115,919,1854,2951
46117,329,1148,1567
46119,137,679,861
46121,1505,487,2125
46123,462,2069,2630
46125,961,2937,4150
46127,2227,5288,7895
46129,457,1896,2477
46135,3301,5654,9616
46137,352,368,766
47001,9010,19201,29723
47003,3384,11455,15300
47005,1474,4715,6322
47007,896,3621,4650
47009,12085,37385,51849
47011,7070,29761,38392
47013,2248,9860,12504
47015,1126,4006,5299
47017,2323,7731,10333
47019,3453,16897,20993
47021,3877,11295,15823
47023,902,3827,4850
47025,1831,8589,10706
47027,707,2140,2919
47029,1980,9791,12108
47031,4741,14409,19895
47033,1302,3977,5386
47035,5202,20410,26298
47037,148473,84365,246199
47039,894,3580,4577
47041,1566,5164,6940
47043,4718,13213,18619
47045,2815,10175,13290
47047,5865,13046,19306
47049,1100,6032,7311
47051,4372,11526,16363
47053,5255,13779,19484
47055,2915,7964,11120
47057,1154,6618,7985
47059,4211,18538,23491
47061,998,3626,4750
47063,4075,15839,20579
47065,55260,78661,141088
47067,322,1842,2229
47069,4174,4912,9242
47071,1622,8012,9949
47073,3502,16611,20694
47075,3704,3010,6824
47077,1796,8118,10172
47079,3061,9483,12887
47081,1823,5685,7762
47083,865,2180,3165
47085,1967,4928,7139
47087,1129,3229,4447
47089,3490,14760,18994
47091,988,5400,6556
47093,62861,105724,179266
47095,577,1357,1970
47097,3656,4884,8678
47099,2821,12419,15658
47101,890,3579,4601
47103,2550,10375,13270
47105,4916,17588,23304
47111,1071,6260,7490
47113,15438,21321,37764
47115,2829,7680,10832
47117,2848,8167,11402
47119,10026,23781,35068
47107,3507,14673,18694
47109,1847,7839,10035
47121,856,3337,4311
47123,3184,13361,17050
47125,21686,32320,57278
47127,496,2325,2926
47129,1053,5429,6664
47131,2425,9525,12223
47133,1943,6055,8195
47135,597,2167,2855
47137,536,2019,2609
47139,1252,5097,6520
47141,6847,18981,26958
47143,1942,8650,10946
47145,4833,15863,21580
47147,6634,19393,27042
47149,36627,64428,106518
47151,934,6044,7123
47153,1051,4434,5667
47155,6293,28610,36180
47157,206640,114948,331861
47159,1688,5485,7410
47161,1222,3864,5283
47163,11910,45577,59860
47165,18153,50105,71080
47167,5779,16893,23372
47169,943,2099,3142
47171,1260,5666,7166
47173,1010,5024,6204
47175,539,1820,2417
47177,3535,9535,13565
47179,13003,34179,49411
47181,717,5034,5842
47183,2770,9001,12127
47185,1842,7657,9776
47187,30992,68160,104700
47189,14356,39304,56286
48001,3358,13165,16887
48003,836,3925,4926
48005,7538,21666,29870
48007,2458,7730,10467
48009,394,3785,4269
48011,70,924,1017
48013,4635,8598,13605
48015,2319,9637,12255
48017,397,1343,1784
48019,1726,8159,10213
48021,10555,16314,28250
48023,191,1267,1492
48025,3443,4743,8458
48027,37608,51780,93999
48029,319191,240161,586038
48031,1244,4212,5669
48033,31,330,365
48035,1277,6325,7797
48037,8831,24913,34470
48039,43075,72653,120296
48041,23041,38662,66036
48043,1869,2073,4226
48045,91,625,734
48047,1937,613,2596
48049,1621,12010,13949
48051,1491,5316,6945
48053,3785,14595,19046
48055,4663,6516,11709
48057,2118,4638,6957
48059,568,4858,5556
48061,59319,29432,91804
48063,1260,3201,4542
48065,249,2617,2945
48067,2250,9182,11606
48069,526,1413,1996
48071,2939,13278,16661
48073,3466,12896,16701
48075,253,1802,2084
48077,536,4376,5011
48079,190,679,901
48081,140,1265,1423
48083,387,3177,3635
48085,139837,200395,356545
48087,145,983,1154
48089,1977,6323,8480
48091,14166,44996,61567
48093,788,4300,5208
48095,148,885,1067
48097,2345,13174,15894
48099,5057,12212,18127
48101,84,486,583
48103,299,1047,1381
48105,372,980,1395
48107,468,1180,1712
48109,454,280,762
48111,222,1258,1535
48113,458845,261865,750649
48115,835,2636,3562
48117,1185,2911,4201
48119,400,1836,2279
48121,110000,169175,293287
48123,1161,5510,6822
48125,128,755,909
48127,2173,974,3225
48129,190,1225,1460
48131,2783,1316,4159
48133,776,6008,6935
48135,10225,24976,36373
48137,302,741,1065
48139,16197,44807,63064
48141,145509,54567,210458
48143,2159,11205,13810
48145,1682,3438,5232
48147,2123,9536,11972
48149,2127,8648,11029
48151,403,1265,1722
48153,435,1473,1958
48155,113,383,511
48157,134475,117212,260367
48159,665,3583,4356
48161,1461,5995,7608
48163,1401,1232,2683
48165,597,3907,4609
48167,45503,73566,123994
48169,224,1223,1475
48171,2286,10445,13123
48173,34,553,602
48175,973,2618,3713
48177,1567,4580,6304
48179,699,6495,7360
48181,10276,35274,47068
48183,11623,28693,41365
48185,2194,7065,9528
48187,18308,36495,57220
48189,2090,6347,8802
48191,164,891,1089
48193,479,3056,3609
48195,171,1730,1947
48197,249,1207,1511
48199,2779,19600,22768
48201,706471,544960,1302887
48203,7130,18712,26364
48205,172,1727,1945
48207,314,1403,1765
48209,33117,33730,71524
48211,181,1460,1687
48213,5649,23574,29855
48215,118739,48608,172990
48217,2535,10075,12906
48219,1257,5793,7282
48221,4001,21367,26120
48223,2508,10704,13476
48225,1978,6205,8302
48227,1768,6635,8692
48229,324,503,871
48231,6301,23866,31185
48233,854,7039,8126
48235,90,660,760
48237,314,2973,3339
48239,904,4266,5275
48241,2582,10578,13351
48243,422,694,1175
48245,42404,42828,87363
48247,1635,430,2119
48249,6688,5411,12346
48251,10976,44370,57270
48253,935,4815,5932
48255,1144,2959,4185
48257,10265,29537,40979
48259,3633,15663,19936
48261,99,84,186
48263,59,360,433
48265,4665,17658,23090
48267,206,1697,1945
48269,5,149,159
48271,457,936,1424
48273,4713,4364,9483
48275,247,1078,1358
48277,3579,14546,18537
48279,770,3040,3905
48281,1479,6371,8149
48283,1125,870,2049
48285,1170,7339,8633
48287,1372,4996,6522
48289,909,6391,7407
48291,4851,18856,24155
48293,1748,5747,7648
48295,135,1159,1322
48297,739,3450,4267
48299,1825,8283,10377
48301,4,57,64
48303,27956,65566,98060
48305,403,1546,1997
48313,881,3349,4283
48315,1156,2968,4206
48317,266,1453,1755
48319,353,1656,2053
48321,3357,8147,11779
48323,10397,2816,13588
48307,480,2546,3086
48309,27046,48245,78255
48311,40,454,497
48325,4624,12054,17187
48327,153,681,860
48329,9993,36896,48753
48331,2042,6340,8607
48333,242,1949,2238
48335,353,1780,2190
48337,885,7526,8604
48339,45744,150188,203083
48341,1096,3974,5262
48343,1425,3443,4964
48345,40,571,620
48347,6822,14751,22430
48349,3998,11984,16382
48351,978,2961,4010
48353,1029,3551,4744
48355,49102,50704,103958
48357,274,2628,2981
48359,78,850,945
48361,5716,25385,31761
48363,1700,8222,10175
48365,1835,8445,10413
48367,8329,46433,56413
48369,848,1911,2818
48371,1551,2463,4167
48373,7123,26587,34444
48375,7620,19499,28330
48377,1458,652,2203
48379,619,3919,4630
48381,8340,43379,53813
48383,167,709,900
48385,262,1382,1678
48387,1148,3924,5147
48389,1659,1417,3184
48391,1034,1830,2945
48393,20,524,550
48395,2203,4665,7010
48397,9633,28396,39529
48399,452,3241,3765
48401,3935,14675,18994
48403,614,3992,4642
48405,907,2620,3563
48407,2034,8050,10305
48409,7825,13004,21513
48411,293,2025,2354
48413,209,819,1054
48415,733,4403,5261
48417,103,1378,1502
48419,1757,7171,9072
48421,96,807,933
48423,22128,58631,83161
48425,540,3206,3876
48427,9246,2218,11691
48429,348,3033,3453
48431,70,549,633
48433,135,555,701
48435,313,1075,1415
48437,462,1671,2190
48439,288001,345683,662832
48441,10047,33172,45266
48443,140,287,437
48445,424,1295,1763
48447,84,715,808
48449,2538,6405,9176
48451,9117,27376,38104
48453,306475,126750,462511
48455,1154,4737,5982
48457,1243,6601,7969
48459,2378,13198,15918
48461,284,961,1296
48463,3863,4828,8936
48465,6920,5856,13476
48467,2792,18436,21689
48469,8843,21253,31032
48471,6085,12878,19683
48473,5744,10525,16715
48475,780,2541,3413
48477,3381,10944,14747
48479,42297,12946,56867
48481,4238,10149,14707
48483,194,2087,2306
48485,8752,27609,37913
48487,807,3166,4101
48489,3416,1541,5082
48491,84252,104029,200524
48493,4790,13991,19255
48495,420,1403,1873
48497,3412,20655,24661
48499,2624,15681,18646
48501,426,1797,2299
48503,873,6587,7658
48505,2056,1028,3134
48507,2633,692,3390
49001,264,1838,2490
49003,1814,10324,16548
49005,6705,16643,35879
49007,1696,5182,7818
49009,76,327,465
49011,22575,46985,104661
49013,500,5505,6932
49015,379,3402,4263
49017,352,1577,2294
49019,1932,1934,4456
49021,2104,10025,15354
49023,436,2759,4076
49025,739,2248,3482
49027,431,3860,5234
49029,572,3156,5136
49031,31,537,617
49033,104,786,1096
49035,154831,117901,361347
49037,1997,2635,5385
49039,1026,6436,9778
49041,673,6455,8308
49043,10251,7160,20133
49045,4015,9693,18905
49047,1002,9876,12883
49049,24579,89755,174942
49051,3063,6115,12120
49053,9583,39566,57494
49055,271,959,1410
49057,22187,38447,81451
51001,6737,8582,15755
51003,33297,19232,56134
51510,57147,13241,74384
51005,2165,4873,7306
51007,2150,4704,7035
51009,4986,9643,15164
51011,2023,5714,7954
51013,91879,20155,119344
51015,8108,26152,36661
51017,603,1548,2243
51019,9733,30578,42186
51021,453,2572,3124
51023,4492,13369,18641
51520,1832,4884,6966
51025,4473,3045,7645
51027,1721,7292,9220
51029,3128,3969,7284
51530,693,1432,2395
51031,6597,19442,27218
51033,6425,7143,14189
51035,2557,10653,13587
51036,2244,1381,3745
51037,2153,3479,5792
51540,17865,2951,22211
51550,52554,53988,111827
51041,80993,84938,175288
51043,3047,4657,8131
51570,2367,5681,8427
51580,914,1349,2369
51045,541,2139,2784
51047,7744,13341,22087
51049,2032,2693,4875
51590,11051,7306,18862
51051,1335,4932,6405
51053,5765,7447,13533
51595,1531,792,2367
51057,2541,2657,5354
51059,354485,157837,542858
51600,7363,3695,11854
51610,5810,1323,7667
51061,12960,22110,37124
51063,2300,5289,7972
51065,5751,7018,13492
51067,7254,18560,26805
51620,2516,1421,4040
51069,11920,26069,40133
51630,6690,3731,11135
51640,680,1603,2363
51071,1949,5930,8196
51073,5399,13087,19524
51075,4884,8374,13930
51077,1407,5593,7258
51079,2923,5943,9503
51081,2558,1737,4363
51083,6890,9698,16946
51650,41030,17802,61489
51085,19360,39592,62313
51660,10100,6232,17693
51087,93615,59674,161966
51089,8199,15207,24029
51091,371,958,1391
51670,4722,3885,8968
51093,7673,11971,20481
51095,19091,21284,42737
51097,1451,2059,3615
51099,4002,7338,11967
51101,2752,5963,9088
51103,2862,3520,6599
51105,1627,7542,9353
51678,1514,766,2448
51107,99909,69633,180265
51109,6208,10507,17507
51111,2226,3206,5577
51680,14787,17979,35349
51113,2202,4418,6934
51683,8395,5934,15210
51685,3218,1732,5214
51690,3531,2149,5873
51115,1563,3515,5292
51117,6571,8283,15177
51119,2107,3668,5994
51121,20015,19455,42695
51125,3677,4150,8247
51127,3545,8117,12163
51700,40997,23650,68432
51710,51429,19875,75172
51131,3255,2686,6134
51133,2830,5089,8176
51720,383,1021,1456
51135,2829,3712,6717
51137,5955,10511,17157
51139,2514,7824,10663
51141,1768,6454,8489
51730,12005,1448,13717
51143,9195,21742,31687
51735,1599,5089,7114
51740,28462,12773,43000
51145,4057,11875,16794
51147,4590,4099,9113
51149,6419,9157,16140
51153,83093,54065,144854
51155,4170,10314,15112
51750,2923,2637,6032
51157,1741,2532,4444
51159,1347,2213,3651
51760,74640,14254,94724
51161,16787,30857,50149
51770,23403,16045,41728
51163,3506,6671,10685
51165,9361,25269,36536
51167,2328,9516,12195
51775,4212,7225,12129
51169,1579,8242,10055
51171,5269,14078,20335
51173,2661,9747,12825
51175,3595,5035,8872
51177,24204,34619,62083
51179,27879,33840,65350
51790,5329,5129,11144
51800,23012,17206,41929
51181,2069,1785,3976
51183,2874,2055,5036
51185,2895,15160,18495
51810,76744,84389,171876
51187,5165,11762,17791
51191,5548,19309,25715
51820,3762,4798,9114
51193,3723,4331,8291
51830,5199,1921,7534
51840,5161,4786,10574
51195,2687,11983,14991
51197,2765,10044,13250
51199,12989,18823,34062
50001,11217,5297,17592
50003,9539,5925,16345
50005,6445,5533,12966
50007,54463,18298,77263
50009,1019,1506,2706
50011,9351,8752,19373
50013,2094,1487,3778
50015,7241,3570,11641
50017,7522,4997,13464
50019,5181,5158,10988
50021,13629,12471,27660
50023,18594,7993,28654
50025,14340,5462,21151
50027,17544,8604,27832
53001,1118,2740,4081
53003,3118,5712,9684
53005,25173,45594,76907
53007,10770,15070,27415
53009,15154,15685,32985
53011,90697,90590,195784
53013,523,1491,2171
53015,17842,24066,45485
53017,3600,7208,11467
53019,1091,2178,3560
53021,7839,11358,20584
53023,276,841,1232
53025,7768,18482,28260
53027,11378,13269,26736
53029,20766,18259,42425
53031,12556,5986,20100
53033,657149,197781,910823
53035,60561,46762,118625
53037,7190,9845,18334
53039,3781,5390,9859
53041,7236,16273,24995
53043,1238,4095,5692
53045,11872,13539,27767
53047,3980,6305,10893
53049,4597,5338,10667
53051,1932,4364,6788
53053,160306,136046,322592
53055,7053,2651,10589
53057,26076,24330,54831
53059,2207,2910,5587
53061,167943,116433,309496
53063,86590,103846,208081
53065,4348,11059,16438
53067,65015,46219,122301
53069,824,1328,2333
53071,7550,10775,19718
53073,59402,40247,108223
53075,5521,5462,12128
53077,28484,39593,72306
55001,3780,5983,10107
55003,4136,3428,7926
55005,7881,13595,22514
55007,4953,4125,9491
55009,53358,67192,127497
55011,2531,4049,6921
55013,2948,5412,8719
55015,9634,15345,26429
55017,11875,17912,31471
55019,4225,8645,13548
55021,13525,14160,29287
55023,3426,3844,7678
55025,217506,71270,304729
55027,13968,26643,42818
55029,8026,8584,17398
55031,11342,9657,22185
55033,9025,11487,22029
55035,27271,23301,54080
55037,666,1897,2651
55039,17391,31044,51094
55041,1583,2787,4507
55043,10047,12347,24051
55045,9121,8693,18791
55047,2700,6210,9315
55049,6669,4809,12123
55051,1273,2090,3477
55053,3821,4907,9202
55055,16559,23409,42324
55057,4100,7188,11736
55059,35770,36025,75825
55061,3623,6616,10742
55063,32402,26384,62785
55065,3288,3977,7602
55067,3260,6436,10093
55069,5370,8400,14563
55071,14563,23234,39991
55073,26476,39010,68849
55075,6243,12995,19979
55077,2808,4712,7813
55078,1003,269,1279
55079,288986,126091,434970
55081,7047,11442,19554
55083,5886,13255,19924
55085,8103,11677,20837
55087,38117,51579,95162
55089,20167,30458,53368
55091,1345,2228,3746
55093,8380,11260,21089
55095,7568,13864,22691
55097,18524,17310,38123
55099,2671,4562,7560
55101,42506,46620,93678
55103,3577,4021,7962
55105,39336,31483,75043
55107,2171,4564,7029
55111,16050,15871,33848
55113,2846,4625,7767
55115,6056,12742,19697
55117,22636,32368,58290
55109,17496,26123,46819
55119,2398,6589,9417
55121,5645,7370,13581
55123,6351,6994,14193
55125,4769,8169,13453
55127,18706,28848,50570
55129,3283,5404,9059
55131,20854,51729,76246
55133,79199,145519,236269
55135,8303,16013,25491
55137,3802,7669,11961
55139,37054,43447,85892
55141,14232,21502,37712
54001,1213,4509,6024
54003,12287,28210,42770
54005,1783,6483,8654
54007,1315,3516,5063
54009,2549,6574,9540
54011,11306,19648,32701
54013,456,2023,2604
54015,566,2289,2958
54017,360,2347,2826
54019,4246,10263,15187
54021,537,1889,2528
54023,510,4338,4945
54025,3743,9499,13984
54027,1576,6646,8557
54029,3247,8870,12642
54031,1249,4544,6022
54033,7675,18687,27868
54035,2648,8959,12108
54037,9458,13144,24007
54039,27985,43464,74996
54041,1336,5245,6885
54043,1435,5257,6988
54045,2082,9866,12315
54049,6926,14592,22910
54051,2894,9565,13083
54053,2069,7597,10115
54047,1429,4614,6179
54055,4689,17362,22919
54057,2019,8957,11410
54059,1365,7876,9469
54061,14568,18278,35733
54063,1089,4337,5670
54065,1568,5718,7635
54067,1821,7169,9385
54069,5452,11077,17819
54071,726,2388,3212
54073,620,2342,3130
54075,924,2474,3619
54077,2462,9501,12611
54079,5784,17455,24443
54081,6362,21835,29311
54083,2724,7583,10816
54085,490,3376,4040
54087,1220,3772,5234
54089,1186,3444,4847
54091,1483,4701,6498
54093,750,2557,3464
54095,505,2967,3621
54097,1763,6971,9180
54099,3334,11077,15080
54101,554,2284,2955
54103,1348,4461,6191
54105,383,1903,2410
54107,8327,25168,35256
54109,1061,6527,7809
56001,6888,7601,16420
56003,594,4067,5079
56005,1324,15778,17935
56007,1279,4409,6200
56009,668,5520,6552
56011,271,3347,3771
56013,4200,11167,16543
56015,924,4418,5708
56017,400,1939,2535
56019,638,3477,4349
56021,11572,24844,39945
56023,1105,6779,8398
56025,6573,23523,32493
56027,115,1116,1297
56029,2535,11115,14634
56031,719,3437,4460
56033,2926,10266,14187
56035,644,3409,4297
56037,3233,12153,16661
56039,7313,3920,12176
56041,1202,6154,8053
56043,532,2911,3715
56045,294,2898,3334
